{
  "small": {
    "model_size": "small",
    "jax_version": "0.7.0",
    "devices": "[CpuDevice(id=0)]",
    "memory": {
      "flax_param_count": 3448320,
      "flax_memory_mb": 13.154296875,
      "pytorch_param_count": 3448320,
      "pytorch_memory_mb": 13.154296875,
      "params_match": true
    },
    "numerical": {
      "max_difference": 1.7845696210861206,
      "mean_difference": 0.373779833316803,
      "numerical_match": "False"
    },
    "inference": {
      "flax_compile_time": 0.7864782810211182,
      "flax_avg_time": 0.0001138925552368164,
      "flax_std_time": 1.4765041430661802e-05,
      "pytorch_avg_time": 0.004365158081054687,
      "speedup": 38.32698346242412
    },
    "generation": {
      "avg_generation_time": 0.05625925064086914,
      "std_generation_time": 0.0006637613081264421,
      "tokens_per_second": 355.4970919835029,
      "total_tokens_generated": 30
    }
  }
}